<ROOT version="3">
  <DOM_ROOT id="10006" Root="True">

    <DOM_ServerMessage id="10" Class="MessageMain">
      <!-- The InterfaceVersion allows versioning of CSI -->
      <CSI_InterfaceVersion id="2" Type="Str"/>
      <CSI_XMLNamesVersion id="3" Type="Int"/>
      <CSI_MessageNumber id="4" Type="Int"/>
      <CSI_SessionID id="6" Type="Int"/>
      <CSI_RequestGroup id="8">
        <CSI_ClientInfo id="2">
          <CSI_UserID id="2" Type="Int"/>
          <CSI_LicenseGuid id="4" Type="Int"/>
          <CSI_ClientVersion id="6" Type="Str"/>
          <!-- id="8" is in use on the server! -->
          <CSI_InterfaceLang id="10" Type="Str"/>
          <CSI_LicVersion id="12" Type="Int"/>
          <CSI_LicTimeLeft id="14" Type="Int"/>
          <CSI_LicMaintLeft id="16" Type="Int"/>
          <CSI_LicEndDay id="18" Type="Int"/>
          <CSI_ClientType id="20" Type="Int"/>
          <CSI_UserTicket id="22" Type="Str"/>
          <CSI_LicFullTextLevel id="24" Type="Int"/>
          <BES_UserGUID id="26" Type="Str"/>
          <CSI_ResultGroup id="28" Type="Str"/>
          <CSI_LastConnectionDate id="30" Type="Int"/>
          <CSI_ExcludeGroup id="32" Type="Str"/>
          <CSI_GeoCountry id="34" Type="Str"/>
          <CSI_LocaleCountry id="36" Type="Str"/>
          <CSI_AllowedCountries id="38" Type="Str"/>
          <CSI_CustomFlags id="40" Type="Int"/>
        </CSI_ClientInfo>
        <CSI_Requests id="4">

          <CSI_TranslationRequest id="2">
            <CSI_ClickContext id="2">
              <CSI_IncludeAll id="2" Type="Bool"/>
              <CSI_SourceText id="6" Type="Str"/>
              <CSI_ClickIndexUTF id="8" Type="Int"/>
              <CSI_LocaleTextList id="10" IsList="True">
                <CSI_LocaleText id="2">
                  <CSI_Text Type="Str" Self="True"/>
                  <CSI_CP id="4" Type="Int"/>
                  <CSI_ClickIndex id="8" Type="Int"/>
                </CSI_LocaleText>
              </CSI_LocaleTextList>
              <CSI_AppName id="12" Type="Str"/>
              <CSI_WndClassName id="14" Type="Str"/>
              <CSI_FullCtx id="16" Type="Str"/>
              <CSI_FullCtxIndex id="18" Type="Int"/>
              <CSI_OptCandidateList id="20" IsList="True">
                <CSI_OptCandidate id="2">
                  <CSI_CandUText id="2" Type="Str"/>
                  <CSI_CandClickIndex id="4" Type="Int"/>
                  <CSI_CandScore id="6" Type="Int"/>
                  <CSI_CandID id="8" Type="Int"/>
                </CSI_OptCandidate>
              </CSI_OptCandidateList>
              <CSI_SingleTargetLang id="22" Type="Int"/>
              <CSI_URL id="24" Type="Str"/>
            </CSI_ClickContext>
            <CSI_RequestType id="4" Type="Str"/>
            <CSI_TransGlossInfoList id="10" IsList="True">
              <CSI_TransGlossInfo id="2">
                <CSI_GlossURI id="2" Type="Str" Key="True" Self="True"/>
                <CSI_Version id="4" Type="Int"/>
                <CSI_CrossURI id="6" Type="Str"/>
                <CSI_Relevancy id="12" Type="Int"/>
                <CSI_UserOrder id="14" Type="Int"/>
                <CSI_ResultReceived id="16" Type="Bool"/>
                <CSI_GlsReqFlags id="20" Type="Int"/>
                <CSI_SourceLang id="22" Type="Int"/>
                <CSI_TargetLang id="24" Type="Int"/>
                <CSI_ReplyCount id="26" Type="Int"/>
                <CSI_ReplyCountMonthly id="28" Type="Int"/>
                <CSI_AutoGloss id="30" Type="Bool"/>
              </CSI_TransGlossInfo>
            </CSI_TransGlossInfoList>
            <CSI_MoreResultsInfo id="12">
              <CSI_MaxResultsCount id="2" Type="Int"/>
              <CSI_PageResultsCount id="4" Type="Int"/>
              <CSI_TargetLanguageList id="6" IsList="True">
                <CSI_TargetLanguage id="2">
                  <CSI_Language Type="Int" Self="True"/>
                </CSI_TargetLanguage>
              </CSI_TargetLanguageList>
              <CSI_TargetLanguageMask id="8" Type="Buff"/>
            </CSI_MoreResultsInfo>
            <CSI_ExcludeGlossInfoList id="20" IsList="True">
              <CSI_ExcludeGlossInfo id="2">
                <CSI_GlossURI id="2" Type="Str" Key="True" Self="True"/>
              </CSI_ExcludeGlossInfo>
            </CSI_ExcludeGlossInfoList>
            <CSI_ProxyServerURL id="22" Type="Str"/>
          </CSI_TranslationRequest>

          <CSI_BrowseRequest id="8">
            <CSI_GlossInfo id="2">
              <CSI_GlossURI id="2" Type="Str" Key="True" Self="True"/>
              <CSI_Version id="4" Type="Int"/>
              <CSI_SubscribeOnline id="6" Type="Bool"/>
            </CSI_GlossInfo>
            <CSI_BrowseContextFirst id="4" Type="Int64"/>
            <CSI_BrowseContextLast id="5" Type="Int64"/>
            <CSI_N id="6" Type="Int"/>
            <CSI_Forward id="8" Type="Bool"/>
          </CSI_BrowseRequest>

          <CSI_ConjugationRequest id="10">
            <CSI_GlossInfo id="2">
              <CSI_GlossURI id="2" Type="Str" Key="True" Self="True"/>
              <CSI_Version id="4" Type="Int"/>
              <CSI_SubscribeOnline id="6" Type="Bool"/>
            </CSI_GlossInfo>
            <CSI_WordText id="4" Type="Str"/>
            <CSI_Conjugator id="6" Type="Str"/>
          </CSI_ConjugationRequest>

          <CSI_InstallGlossRequest id="12">
            <CSI_GlossURL id="2" Type="Str"/>
            <CSI_Flags id="14" Type="Int"/>
          </CSI_InstallGlossRequest>

          <CSI_DeleteGlossRequest id="16">
            <CSI_GlossURI id="2" Type="Str"/>
          </CSI_DeleteGlossRequest>

          <CSI_UpdateRequest id="18">
            <CSI_UpdateGlossInfoList id="2" IsList="True">
              <CSI_UpdateGlossInfo id="2">
                <CSI_GlossURI id="2" Type="Str" Key="True" Self="True"/>
                <CSI_Version id="4" Type="Int"/>
                <CSI_UpdateFlags id="6" Type="Int"/>
              </CSI_UpdateGlossInfo>
            </CSI_UpdateGlossInfoList>
          </CSI_UpdateRequest>

          <CSI_GlossaryListSyncRequest id="20">
            <CSI_GlossSyncReqInfoList id="2" IsList="True">
              <CSI_GlossSyncReqInfo id="2">
                <CSI_GlossURI id="2" Type="Str" Key="True"/>
                <CSI_GlossVersion id="4" Type="Int"/>
              </CSI_GlossSyncReqInfo>
            </CSI_GlossSyncReqInfoList>
            <CSI_AlwaysRecalculateHeaders id="4" Type="Bool"/>
          </CSI_GlossaryListSyncRequest>

          <CSI_MapPRCIDtoURIRequest id="22">
            <CSI_PRCIDList id="2" IsList="True">
              <CSI_PRCID id="2">
                <CSI_ID Type="Int" Self="True"/>
              </CSI_PRCID>
            </CSI_PRCIDList>
          </CSI_MapPRCIDtoURIRequest>

          <CSI_ClientStateUpdateRequest id="24">
            <CSI_Data Type="Buff" Self="True"/>
          </CSI_ClientStateUpdateRequest>

          <CSI_GlossaryCorrectionList id="26">
            <CSI_GlossURI id="2" Type="Str"/>
            <CSI_ClickContextList id="26" IsList="True">
              <CSI_ClickContext id="2">
                <CSI_SourceText id="6" Type="Str"/>
              </CSI_ClickContext>
            </CSI_ClickContextList>
          </CSI_GlossaryCorrectionList>

          <CSI_GlossaryWordsList id="28">
            <CSI_MaxResultsCount id="2" Type="Int"/>
            <CSI_WordPrefix id="4" Type="Str"/>
            <CSI_TransGlossInfoList id="10" IsList="True">
              <CSI_TransGlossInfo id="2">
                <CSI_GlossURI id="2" Type="Str" Key="True" Self="True"/>
                <CSI_UserOrder id="14" Type="Int"/>
              </CSI_TransGlossInfo>
            </CSI_TransGlossInfoList>
            <CSI_SourceLang id="22" Type="Int"/>
          </CSI_GlossaryWordsList>

          <BES_ServerStateRequest id="100">
            <BES_ServerState id="2">
              <BES_ClientState id="2" Type="Int"/>
              <BES_RatesVersion id="4" Type="Int"/>
              <BES_ConversionVersion id="6" Type="Int"/>
              <BES_GlossState id="8" Type="Int"/>
              <BES_LicensingState id="10" Type="Int"/>
              <BES_ClientPerCom id="12" Type="Int"/>
              <BES_ServerStateFlags id="14" Type="Int"/>
            </BES_ServerState>
          </BES_ServerStateRequest>

          <BES_ServerManagementRequest id="110">
            <BES_BabyPerCom id="2">
              <BES_AutoPerCom id="2" Type="Bool"/>
              <BES_PerComHour id="4" Type="Int"/>
              <BES_PerComMin id="6" Type="Int"/>
              <BES_PerComNow id="8" Type="Bool"/>
            </BES_BabyPerCom>
            <BES_ProxyDefinition id="4">
              <BES_ProxyAuto id="2" Type="Bool"/>
              <BES_ProxyServer id="4" Type="Str"/>
              <BES_ProxyExceptionList id="6" Type="Str"/>
              <BES_ProxyAuthentication id="8">
                <BES_ProxyAuthUserName id="2" Type="Str"/>
                <BES_ProxyAuthPassword id="4" Type="Str"/>
              </BES_ProxyAuthentication>
            </BES_ProxyDefinition>
            <BES_ClientContextFlush id="8">
              <BES_ClientContextFlush id="8"/>
            </BES_ClientContextFlush>
            <BES_ServerScaleDefinition id="10">
              <BES_CacheLimit id="2" Type="Int"/>
              <BES_CacheLower id="4" Type="Int"/>
              <BES_CacheUpper id="6" Type="Int"/>
            </BES_ServerScaleDefinition>
            <BES_WordIndex id="12">
              <BES_AutoWordIndex id="2" Type="Bool"/>
              <BES_WordIndexHour id="4" Type="Int"/>
              <BES_WordIndexMin id="6" Type="Int"/>
              <BES_UseWordIndex id="8" Type="Bool"/>
            </BES_WordIndex>
            <BES_GetData id="900" Type="Bool"/>
          </BES_ServerManagementRequest>

          <BES_ClientConfigRequest id="120">
            <BES_ClientConfigXML id="2" Type="Str"/>
            <BES_EnableClientConfig id="4" Type="Bool"/>
            <BES_ClientPercomTime id="6" Type="Int"/>
            <BES_GlossHourStart id="8" Type="Int"/>
            <BES_GlossMinStart id="10" Type="Int"/>
            <BES_GlossHourEnd id="12" Type="Int"/>
            <BES_GlossMinEnd id="14" Type="Int"/>
            <BES_ConfigHourStart id="16" Type="Int"/>
            <BES_ConfigMinStart id="18" Type="Int"/>
            <BES_ConfigHourEnd id="20" Type="Int"/>
            <BES_ConfigMinEnd id="22" Type="Int"/>
            <BES_UseGlossTime id="24" Type="Bool"/>
            <BES_UseConfigTime id="26" Type="Bool"/>
            <BES_GetData id="900" Type="Bool"/>
          </BES_ClientConfigRequest>

          <BES_GlossaryInstallRequest id="130">
            <BES_GlossUNC id="2" Type="Str"/>
          </BES_GlossaryInstallRequest>

          <BES_GlossaryDeleteRequest id="140">
            <BES_GlossURI id="2" Type="Str"/>
          </BES_GlossaryDeleteRequest>

          <BES_UpdateGlossRequest id="150">
            <BES_GlossaryDetails id="2">
              <BES_GlossURI id="2" Type="Str"/>
              <BES_GlossTitle id="4" Type="Str"/>
              <BES_Active id="6" Type="Bool"/>
              <BES_OnlineGlossManagement id="8">
                <BES_GlossManagement id="2">
                  <BES_AllowAll id="2" Type="Bool"/>
                  <BES_AllowNone id="4" Type="Bool"/>
                  <BES_GlossEntityList id="6" IsList="True">
                    <BES_GlossEntity id="2">
                      <BES_EntityID id="2" Type="Str"/>
                      <BES_EnableEntity id="4" Type="Bool"/>
                    </BES_GlossEntity>
                  </BES_GlossEntityList>
                  <BES_Mandatory id="8" Type="Bool"/>
                  <BES_ForcedOptional id="10" Type="Bool"/>
                </BES_GlossManagement>
              </BES_OnlineGlossManagement>
              <BES_OfflineGlossManagement id="10">
                <BES_GlossManagement id="2">
                  <BES_AllowAll id="2" Type="Bool"/>
                  <BES_AllowNone id="4" Type="Bool"/>
                  <BES_GlossEntityList id="6" IsList="True">
                    <BES_GlossEntity id="2">
                      <BES_EntityID id="2" Type="Str"/>
                      <BES_EnableEntity id="4" Type="Bool"/>
                    </BES_GlossEntity>
                  </BES_GlossEntityList>
                  <BES_Mandatory id="8" Type="Bool"/>
                  <BES_ForcedOptional id="10" Type="Bool"/>
                </BES_GlossManagement>
              </BES_OfflineGlossManagement>
              <BES_Secured id="12" Type="Bool"/>
              <BES_UseDiffs id="14" Type="Bool"/>
              <BES_RemoveDiffs id="16" Type="Bool"/>
              <BES_GlossaryDiffs id="18">
                <BES_GlossEntityList id="6" IsList="True">
                  <BES_GlossEntity id="2">
                    <BES_EntityID id="2" Type="Str"/>
                    <BES_EnableEntity id="4" Type="Bool"/>
                  </BES_GlossEntity>
                </BES_GlossEntityList>
              </BES_GlossaryDiffs>
            </BES_GlossaryDetails>
          </BES_UpdateGlossRequest>

          <BES_GlossGetListRequest id="160">
            <BES_GlossURI id="2" Type="Str"/>
          </BES_GlossGetListRequest>

          <BES_GetFileRequest id="170">
            <BES_EmbeddedImage id="2" Type="Str"/>
            <BES_EmbeddedIcon id="4" Type="Str"/>
            <BES_OfflineGlossURI id="6" Type="Str"/>
            <BES_OfflineGlossVersion id="8" Type="Int"/>
            <BES_OnlineGlossURI id="10" Type="Str"/>
            <BES_ClientSetup id="12" Type="Bool"/>
          </BES_GetFileRequest>

          <BES_LicenseAdminRequest id="180">
            <BES_LicenseId id="2" Type="Int"/>
            <BES_BofFileName id="4" Type="Str"/>
            <BES_LicenseStatus id="8" Type="Enum" Enum="BESLicenseStatus" DefVal="BLS_NA"/>
            <BES_LicenseAction id="10" Type="Enum" Enum="BESAdminLicenseAction" DefVal="BLA_Status"/>
          </BES_LicenseAdminRequest>

          <BES_GetLicensingInfoRequest id="190">
            <BES_GetLicensingInfoRequest id="190"/>
          </BES_GetLicensingInfoRequest>

          <BES_GlossStateRequest id="200">
            <BES_GlossStateRequest id="200"/>
          </BES_GlossStateRequest>

          <BES_ClientStateRequest id="210">
            <BES_ClientStateRequest id="210"/>
          </BES_ClientStateRequest>

          <BES_RatesVersionRequest id="220">
            <BES_RatesVersionRequest id="220"/>
          </BES_RatesVersionRequest>

          <BES_ConversionVersionRequest id="230">
            <BES_ConversionVersionRequest id="230"/>
          </BES_ConversionVersionRequest>

          <BES_LicensingStateRequest id="240">
            <BES_LicensingStateRequest id="240"/>
          </BES_LicensingStateRequest>

          <BES_UploadListRequest id="250">
            <BES_RequestType id="2" Type="Str"/>
          </BES_UploadListRequest>

          <BES_AGWClientRequest id="260">
            <BES_CurrentLang id="2" Type="Str"/>
            <BES_OnlineGlossariesList id="4" IsList="True">
              <BES_OnlineGlossaries id="2">
                <BES_GlossURI id="2" Type="Str" Key="True" Self="True"/>
              </BES_OnlineGlossaries>
            </BES_OnlineGlossariesList>
            <BES_OfflineGlossariesList id="6" IsList="True">
              <BES_OfflineGlossaries id="2">
                <BES_GlossURI id="2" Type="Str" Key="True" Self="True"/>
              </BES_OfflineGlossaries>
            </BES_OfflineGlossariesList>
          </BES_AGWClientRequest>

          <BES_EntityListRequest id="270">
            <BES_DomainEntities id="2" Type="Bool"/>
            <BES_UserEntities id="4" Type="Bool"/>
            <BES_GroupEntities id="6" Type="Bool"/>
            <BES_FilterDomain id="8" Type="Str"/>
            <BES_FilterEntities id="10" Type="Str"/>
          </BES_EntityListRequest>

          <BES_GetLogRequest id="280">
            <BES_LastLogItem id="4" Type="Int"/>
          </BES_GetLogRequest>

          <BES_InitBAIRequest id="290">
            <BES_InitBAIRequest id="290"/>
          </BES_InitBAIRequest>

          <BES_LogManagementRequest id="300">
            <BES_LogCacheSize id="2" Type="Int"/>
            <BES_LogLevels id="4">
              <BES_CSLevel id="2" Type="Int"/>
              <BES_SecurityLevel id="4" Type="Int"/>
              <BES_ServerLevel id="6" Type="Int"/>
            </BES_LogLevels>
            <BES_GetData id="900" Type="Bool"/>
          </BES_LogManagementRequest>

          <BES_GetClientInfoRequest id="310">
            <BES_GetClientInfoRequest id="310"/>
          </BES_GetClientInfoRequest>

          <BES_RestartRequest id="320">
            <BES_Assert id="2" Type="Bool"/>
            <BES_Throw id="4" Type="Bool"/>
          </BES_RestartRequest>

          <BES_SiteCodeRequest id="330">
            <BES_GlossURI id="2" Type="Str"/>
          </BES_SiteCodeRequest>

        </CSI_Requests>
      </CSI_RequestGroup>
      <CSI_ReplyGroup id="10">
        <CSI_ServerInfo id="2">
          <CSI_ServerID id="2" Type="Str"/>
          <CSI_ServerURL id="4" Type="Str"/>
          <CSI_ServerVersion id="6" Type="Str"/>
          <CSI_ServerTicket id="8" Type="Str"/>
        </CSI_ServerInfo>
        <CSI_GlossReplyList id="4" IsList="True">
          <CSI_GlossReply id="2">
            <CSI_GlossURI id="2" Type="Str" Key="True"/>
            <CSI_Headers id="4" Type="Str"/>
            <CSI_ResultReply id="6">
              <CSI_Score id="2" Type="Int"/>
              <CSI_BrowseContextFirst id="4" Type="Int"/>
              <CSI_BrowseContextLast id="5" Type="Int"/>
              <CSI_ResultText id="6">
                <CSI_Text Type="Str" Self="True"/>
                <CSI_CP id="4"/>
              </CSI_ResultText>
              <CSI_DegradePercentile id="8" Type="Int"/>
              <CSI_SelectFrom id="10" Type="Int"/>
              <CSI_SelectTo id="12" Type="Int"/>
              <CSI_OptCanID id="13" Type="Int"/>
              <CSI_CrossTranslation id="14" Type="Bool"/>
              <CSI_CrossRequest id="16" Type="Bool"/>
              <CSI_OrigTranslatePhrase id="18" Type="Str"/>
            </CSI_ResultReply>
            <CSI_ConjugationReply id="10">
              <CSI_ResultText id="6">
                <CSI_Text Type="Str" Self="True"/>
                <CSI_CP id="4"/>
              </CSI_ResultText>
            </CSI_ConjugationReply>
            <CSI_Relevancy id="12" Type="Int"/>
            <CSI_GlsReqFlags id="20" Type="Int"/>
          </CSI_GlossReply>
        </CSI_GlossReplyList>
        <CSI_ServerReply id="6">

          <CSI_MoreResultsReply id="2">
            <CSI_PageResultsCount id="4" Type="Int"/>
            <CSI_GlossURIList id="10" IsList="True">
              <CSI_GlossURI id="2">
                <CSI_GlossURI Type="Str" Key="True" Self="True"/>
              </CSI_GlossURI>
            </CSI_GlossURIList>
          </CSI_MoreResultsReply>

          <CSI_GlossInstalledReply id="6">
            <CSI_GlossInstalledInfoList id="2" IsList="True">
              <CSI_GlossInstalledInfo id="2">
                <CSI_GlossURI id="2" Type="Str" Key="True"/>
                <CSI_Headers id="4" Type="Str"/>
                <CSI_GlossName id="6" Type="Str"/>
                <CSI_Subscribe id="8" Type="Bool"/>
                <CSI_Update id="10" Type="Bool"/>
                <CSI_GlossPath id="12" Type="Str"/>
                <CSI_Flags id="14" Type="Int"/>
              </CSI_GlossInstalledInfo>
            </CSI_GlossInstalledInfoList>
          </CSI_GlossInstalledReply>

          <CSI_GlossDeleteReply id="10">
            <CSI_GlossURIList id="10" IsList="True">
              <CSI_GlossURI id="2">
                <CSI_GlossURI Type="Str" Key="True" Self="True"/>
              </CSI_GlossURI>
            </CSI_GlossURIList>
          </CSI_GlossDeleteReply>

          <CSI_ErrorReply id="12">
            <CSI_ErrorCode id="2" Type="Int"/>
            <CSI_ErrorText id="4" Type="Str"/>
          </CSI_ErrorReply>

          <CSI_UpdateReply id="14">
            <CSI_UpdateURLInfoList id="2" IsList="True">
              <CSI_UpdateURLInfo id="2">
                <CSI_GlossURI id="2" Type="Str" Key="True" Self="True"/>
                <CSI_URL id="4" Type="Str"/>
                <CSI_UpdateFlags id = "6" Type="Int"/>
                <CSI_FileSize id = "8" Type="Int"/>
              </CSI_UpdateURLInfo>
            </CSI_UpdateURLInfoList>
            <CSI_UpdateStatusBar id="4">
              <CSI_StatusBarText id="2" Type="Str"/>
              <CSI_StatusBarURL id="4" Type="Str"/>
            </CSI_UpdateStatusBar>
            <CSI_UpdateBottomUrl id="6">
              <CSI_BottomUrlParam id="2" Type="Str"/>
            </CSI_UpdateBottomUrl>
          </CSI_UpdateReply>

          <CSI_GlossaryListSyncReply id="16">
            <CSI_GlossSyncRepInfoList id="10" IsList="True">
              <CSI_GlossSyncRepInfo id = "2">
                <CSI_GlossURI id="2" Type="Str" Key="True"/>
                <CSI_GlossHeaders id="4" Type="Str"/>
              </CSI_GlossSyncRepInfo>
            </CSI_GlossSyncRepInfoList>
          </CSI_GlossaryListSyncReply>

          <CSI_MapPRCIDtoURIReply id="18">
            <CSI_PRCIDInfoList id="2" IsList="True">
              <CSI_PRCIDInfo id="2">
                <CSI_PRCID id="2" Type="Int"/>
                <CSI_PRCURI id="4" Type="Str"/>
              </CSI_PRCIDInfo>
            </CSI_PRCIDInfoList>
          </CSI_MapPRCIDtoURIReply>

          <CSI_ClientStateUpdateReply id="20">
            <CSI_Data Type="Buff" Self="True"/>
          </CSI_ClientStateUpdateReply>

          <CSI_GlossaryCorrectionListReply id="22">
            <CSI_WordForCorrectionList id="2" IsList="True">
              <CSI_WordForCorrection id="2">
                <CSI_WordIndex id="2" Type="Int"/>
              </CSI_WordForCorrection>
            </CSI_WordForCorrectionList>
          </CSI_GlossaryCorrectionListReply>

          <CSI_GlossaryWordsListReply id="24">
            <CSI_WordList id="2" IsList="True">
              <CSI_Word id="2">
                <CSI_WordText id="4" Type="Str"/>
              </CSI_Word>
            </CSI_WordList>
            <CSI_WordPrefix id="4" Type="Str"/>
            <CSI_TransGlossInfoList id="10" IsList="True">
              <CSI_TransGlossInfo id="2">
                <CSI_GlossURI id="2" Type="Str" Key="True" Self="True"/>
                <CSI_UserOrder id="14" Type="Int"/>
              </CSI_TransGlossInfo>
            </CSI_TransGlossInfoList>
          </CSI_GlossaryWordsListReply>

          <BES_ServerStateReply id="100">
            <BES_ServerState id="2">
              <BES_ClientState id="2" Type="Int"/>
              <BES_RatesVersion id="4" Type="Int"/>
              <BES_ConversionVersion id="6" Type="Int"/>
              <BES_GlossState id="8" Type="Int"/>
              <BES_LicensingState id="10" Type="Int"/>
              <BES_ClientPerCom id="12" Type="Int"/>
              <BES_ServerStateFlags id="14" Type="Int"/>
            </BES_ServerState>
            <BES_RequestResult id="999" Type="Int"/>
          </BES_ServerStateReply>

          <BES_ServerManagementReply id="110">
            <BES_BabyPerCom id="2">
              <BES_AutoPerCom id="2" Type="Bool"/>
              <BES_PerComHour id="4" Type="Int"/>
              <BES_PerComMin id="6" Type="Int"/>
              <BES_PerComNow id="8" Type="Bool"/>
            </BES_BabyPerCom>
            <BES_ProxyDefinition id="4">
              <BES_ProxyAuto id="2" Type="Bool"/>
              <BES_ProxyServer id="4" Type="Str"/>
              <BES_ProxyExceptionList id="6" Type="Str"/>
              <BES_ProxyAuthentication id="8">
                <BES_ProxyAuthUserName id="2" Type="Str"/>
                <BES_ProxyAuthPassword id="4" Type="Str"/>
              </BES_ProxyAuthentication>
            </BES_ProxyDefinition>
            <BES_ServerScaleDefinition id="10">
              <BES_CacheLimit id="2" Type="Int"/>
              <BES_CacheLower id="4" Type="Int"/>
              <BES_CacheUpper id="6" Type="Int"/>
            </BES_ServerScaleDefinition>
            <BES_WordIndex id="12">
              <BES_AutoWordIndex id="2" Type="Bool"/>
              <BES_WordIndexHour id="4" Type="Int"/>
              <BES_WordIndexMin id="6" Type="Int"/>
              <BES_UseWordIndex id="8" Type="Bool"/>
            </BES_WordIndex>
            <BES_RequestResult id="999" Type="Int"/>
          </BES_ServerManagementReply>

          <BES_ClientConfigReply id="120">
            <BES_ClientConfigXML id="2" Type="Str"/>
            <BES_EnableClientConfig id="4" Type="Bool"/>
            <BES_ClientPercomTime id="6" Type="Int"/>
            <BES_GlossHourStart id="8" Type="Int"/>
            <BES_GlossMinStart id="10" Type="Int"/>
            <BES_GlossHourEnd id="12" Type="Int"/>
            <BES_GlossMinEnd id="14" Type="Int"/>
            <BES_ConfigHourStart id="16" Type="Int"/>
            <BES_ConfigMinStart id="18" Type="Int"/>
            <BES_ConfigHourEnd id="20" Type="Int"/>
            <BES_ConfigMinEnd id="22" Type="Int"/>
            <BES_UseGlossTime id="24" Type="Bool"/>
            <BES_UseConfigTime id="26" Type="Bool"/>
            <BES_RequestResult id="999" Type="Int"/>
          </BES_ClientConfigReply>

          <BES_GlossaryInstallReply id="130">
            <BES_GlossURI id="2" Type="Str"/>
            <BES_RequestResult id="999" Type="Int"/>
          </BES_GlossaryInstallReply>

          <BES_GlossaryDeleteReply id="140">
            <BES_RequestResult id="999" Type="Int"/>
          </BES_GlossaryDeleteReply>

          <BES_UpdateGlossReply id="150">
            <BES_EntityError id="2" Type="Str"/>
            <BES_RequestResult id="999" Type="Int"/>
          </BES_UpdateGlossReply>

          <BES_GlossGetListReply id="160">
            <BES_FullGlossaryDetailsList id="2" IsList="True">
              <BES_FullGlossaryDetails id="2">
                <BES_GlossaryDetails id="2">
                  <BES_GlossURI id="2" Type="Str"/>
                  <BES_GlossTitle id="4" Type="Str"/>
                  <BES_Active id="6" Type="Bool"/>
                  <BES_OnlineGlossManagement id="8">
                    <BES_GlossManagement id="2">
                      <BES_AllowAll id="2" Type="Bool"/>
                      <BES_AllowNone id="4" Type="Bool"/>
                      <BES_GlossEntityList id="6" IsList="True">
                        <BES_GlossEntity id="2">
                          <BES_EntityID id="2" Type="Str"/>
                          <BES_EnableEntity id="4" Type="Bool"/>
                        </BES_GlossEntity>
                      </BES_GlossEntityList>
                      <BES_Mandatory id="8" Type="Bool"/>
                      <BES_ForcedOptional id="10" Type="Bool"/>
                    </BES_GlossManagement>
                  </BES_OnlineGlossManagement>
                  <BES_OfflineGlossManagement id="10">
                    <BES_GlossManagement id="2">
                      <BES_AllowAll id="2" Type="Bool"/>
                      <BES_AllowNone id="4" Type="Bool"/>
                      <BES_GlossEntityList id="6" IsList="True">
                        <BES_GlossEntity id="2">
                          <BES_EntityID id="2" Type="Str"/>
                          <BES_EnableEntity id="4" Type="Bool"/>
                        </BES_GlossEntity>
                      </BES_GlossEntityList>
                      <BES_Mandatory id="8" Type="Bool"/>
                      <BES_ForcedOptional id="10" Type="Bool"/>
                    </BES_GlossManagement>
                  </BES_OfflineGlossManagement>
                  <BES_Secured id="12" Type="Bool"/>
                  <BES_UseDiffs id="14" Type="Bool"/>
                  <BES_RemoveDiffs id="16" Type="Bool"/>
                </BES_GlossaryDetails>
                <BES_Headers id="4" Type="Str"/>
                <BES_GlossVersion id="6" Type="Int"/>
              </BES_FullGlossaryDetails>
            </BES_FullGlossaryDetailsList>
            <BES_RequestResult id="999" Type="Int"/>
          </BES_GlossGetListReply>

          <BES_GetFileReply id="170">
            <BES_SyncGlossInfo id="2">
              <BES_GlossURI id="2" Type="Str" Key="True" Self="True"/>
              <BES_Headers id="4" Type="Str"/>
              <BES_GlossVersion id="6" Type="Int"/>
              <BES_Forced id="8" Type="Bool"/>
              <BES_Optional id="10" Type="Bool"/>
              <BES_Blocked id="12" Type="Bool"/>
            </BES_SyncGlossInfo>
            <BES_FileChunkReplyList id="4" IsList="True">
              <BES_FileChunkReply id="2">
                <BES_FileChunk id="2" Type="Buff"/>
                <BES_FileSize id="4" Type="Int"/>
                <BES_CurrSize id="6" Type="Int"/>
              </BES_FileChunkReply>
            </BES_FileChunkReplyList>
            <BES_FileOrigName id="6" Type="Str"/>
            <BES_RequestResult id="999" Type="Int"/>
          </BES_GetFileReply>

          <BES_LicenseAdminReply id="180">
            <BES_LicenseId id="2" Type="Int"/>
            <BES_RequestResult id="999" Type="Int"/>
          </BES_LicenseAdminReply>

          <BES_GetLicensingInfoReply id="190">
            <BES_LicenseInfoList id="4" IsList="True">
              <BES_LicenseInfo id="2">
                <BES_LicenseId id="2" Type="Int"/>
                <BES_BofFileName id="4" Type="Str"/>
                <BES_LicensingStatus id="8" Type="Enum" Enum="BESLicenseStatus" DefVal="BLS_NA"/>
              </BES_LicenseInfo>
            </BES_LicenseInfoList>
            <BES_RequestResult id="999" Type="Int"/>
          </BES_GetLicensingInfoReply>

          <BES_GlossStateReply id="200">
            <BES_OnlineGlossList id="2">
              <BES_SyncGlossInfoList id="2" IsList="True">
                <BES_SyncGlossInfo id="2">
                  <BES_GlossURI id="2" Type="Str" Key="True" Self="True"/>
                  <BES_Headers id="4" Type="Str"/>
                  <BES_GlossVersion id="6" Type="Int"/>
                  <BES_Forced id="8" Type="Bool"/>
                  <BES_Optional id="10" Type="Bool"/>
                  <BES_Blocked id="12" Type="Bool"/>
                </BES_SyncGlossInfo>
              </BES_SyncGlossInfoList>
            </BES_OnlineGlossList>
            <BES_OfflineGlossList id="4">
              <BES_SyncGlossInfoList id="2" IsList="True">
                <BES_SyncGlossInfo id="2">
                  <BES_GlossURI id="2" Type="Str" Key="True" Self="True"/>
                  <BES_Headers id="4" Type="Str"/>
                  <BES_GlossVersion id="6" Type="Int"/>
                  <BES_Forced id="8" Type="Bool"/>
                  <BES_Optional id="10" Type="Bool"/>
                  <BES_Blocked id="12" Type="Bool"/>
                </BES_SyncGlossInfo>
              </BES_SyncGlossInfoList>
            </BES_OfflineGlossList>
            <BES_SecuredGlossList id="6" IsList="True">
              <BES_SecuredGloss id="2">
                <BES_GlossURI id="2" Type="Str" Key="True" Self="True"/>
                <BES_GlossCode id="4" Type="Str"/>
              </BES_SecuredGloss>
            </BES_SecuredGlossList>
            <BES_RequestResult id="999" Type="Int"/>
          </BES_GlossStateReply>

          <BES_ClientStateReply id="210">
            <BES_ClientConfigXML id="2" Type="Str"/>
            <BES_RequestResult id="999" Type="Int"/>
          </BES_ClientStateReply>

          <BES_RatesVersionReply id="220">
            <BES_FileChunk id="2" Type="Buff"/>
            <BES_RequestResult id="999" Type="Int"/>
          </BES_RatesVersionReply>

          <BES_ConversionVersionReply id="230">
            <BES_FileChunk id="2" Type="Buff"/>
            <BES_RequestResult id="999" Type="Int"/>
          </BES_ConversionVersionReply>

          <BES_LicensingStateReply id="240">
            <BES_ClientLicenseToAddList id="2" IsList="True">
              <BES_ClientLicenseToAdd id="2">
                <BES_LicenseCode id="2" Type="Str"/>
                <BES_LicenseUser id="4" Type="Str"/>
              </BES_ClientLicenseToAdd>
            </BES_ClientLicenseToAddList>
            <BES_ClientLicenseToRemoveList id="4" IsList="True">
              <BES_ClientLicenseToRemove id="2">
                <BES_LicenseId id="2" Type="Int"/>
              </BES_ClientLicenseToRemove>
            </BES_ClientLicenseToRemoveList>
            <BES_RequestResult id="999" Type="Int"/>
          </BES_LicensingStateReply>

          <BES_UploadListReply id="250">
            <BES_UploadFileReplyList id="2" IsList="True">
              <BES_UploadFileReply id="2">
                <BES_UploadFileName id="2" Type="Str"/>
              </BES_UploadFileReply>
            </BES_UploadFileReplyList>
            <BES_RequestResult id="999" Type="Int"/>
          </BES_UploadListReply>

          <BES_AGWClientReply id="260">
            <BES_SyncGlossInfoList id="2" IsList="True">
              <BES_SyncGlossInfo id="2">
                <BES_GlossURI id="2" Type="Str" Key="True" Self="True"/>
                <BES_Headers id="4" Type="Str"/>
                <BES_GlossVersion id="6" Type="Int"/>
                <BES_Forced id="8" Type="Bool"/>
                <BES_Optional id="10" Type="Bool"/>
                <BES_Blocked id="12" Type="Bool"/>
              </BES_SyncGlossInfo>
            </BES_SyncGlossInfoList>
            <BES_AGWGlossXML id="4" Type="Str"/>
            <BES_RequestResult id="999" Type="Int"/>
          </BES_AGWClientReply>

          <BES_EntityListReply id="270">
            <BES_DomainList id="2" IsList="True">
              <BES_Domain id="2">
                <BES_DomainName id="2" Type="Str"/>
                <BES_EntityList id="4" IsList="True">
                  <BES_Entity id="2">
                    <BES_EntityName id="2" Type="Str"/>
                    <BES_EntityDescription id="4" Type="Str"/>
                  </BES_Entity>
                </BES_EntityList>
              </BES_Domain>
            </BES_DomainList>
            <BES_RequestResult id="999" Type="Int"/>
          </BES_EntityListReply>

          <BES_GetLogReply id="280">
            <BES_LogItemList id="2" IsList="True">
              <BES_LogItem id="2">
                <BES_LogString id="2" Type="Str"/>
              </BES_LogItem>
            </BES_LogItemList>
            <BES_LastLogItem id="4" Type="Int"/>
            <BES_RequestResult id="999" Type="Int"/>
          </BES_GetLogReply>

          <BES_InitBAIReply id="290">
            <BES_RequestResult id="999" Type="Int"/>
          </BES_InitBAIReply>

          <BES_LogManagementReply id="300">
            <BES_LogCacheSize id="2" Type="Int"/>
            <BES_LogLevels id="4">
              <BES_CSLevel id="2" Type="Int"/>
              <BES_SecurityLevel id="4" Type="Int"/>
              <BES_ServerLevel id="6" Type="Int"/>
            </BES_LogLevels>
            <BES_RequestResult id="999" Type="Int"/>
          </BES_LogManagementReply>

          <BES_GetClientInfoReply id="310">
            <BES_NumUniqueTokens id="2" Type="Int"/>
            <BES_NumIdentifiedClients id="4" Type="Int"/>
            <BES_ConnectedClientList id="6" IsList="True">
              <BES_ConnectedClient id="2">
                <BES_ClientName id="2" Type="Str"/>
              </BES_ConnectedClient>
            </BES_ConnectedClientList>
            <BES_RequestResult id="999" Type="Int"/>
          </BES_GetClientInfoReply>

          <BES_RestartReply id="320">
            <BES_RequestResult id="999" Type="Int"/>
          </BES_RestartReply>

          <BES_SiteCodeReply id="330">
            <BES_GlossURI id="2" Type="Str"/>
            <BES_SiteCode id="4" Type="Str"/>
            <BES_RequestResult id="999" Type="Int"/>
          </BES_SiteCodeReply>

        </CSI_ServerReply>
      </CSI_ReplyGroup>
      <DOM_SSPI id="12">
        <DOM_ClientID id="2" Type="Int"/>
        <DOM_ContextData id="4" Type="Buff"/>
        <DOM_ContextStat id="6" Type="Int"/>
        <DOM_Domain id="8" Type="Str"/>
        <DOM_User id="10" Type="Str"/>
        <DOM_Password id="16" Type="Str"/>
        <DOM_ClientKeyID id="18" Type="Int"/>
      </DOM_SSPI>
      <CSI_ChunkEnabled id="14" Type="Bool"/>
      <CSI_RequestedURL id="16" Type="Str"/>
      <CSI_OnlineChunkEnabled id="18" Type="Bool"/>
      <CSI_UnAuthenticatedPercom id="20" Type="Bool"/>
      <CSI_UseAutoGlossReplies id="22" Type="Bool"/>
    </DOM_ServerMessage>
    <!--  End of Request & Reply Dom  -->

    <CSI_ContentServerConfig id="12" Class="CSConfig">
      <CSI_GlossariesFolder id="2" Type="Str"/>
      <CSI_TermIndexing id="4">
        <CSI_GlossariesOrderList id="8" IsList="True">
          <CSI_GlossariesOrder id="2">
            <CSI_GlossURI id="2" Type="Str" Key="True" Self="True"/>
          </CSI_GlossariesOrder>
        </CSI_GlossariesOrderList>
        <CSI_ExcludedGlossaryList id="10" IsList="True">
          <CSI_ExcludedGlossary id="2">
            <CSI_GlossURI id="2" Type="Str" Key="True" Self="True"/>
          </CSI_ExcludedGlossary>
        </CSI_ExcludedGlossaryList>
        <CSI_GlossariesOrderFile id="12" Type="Str"/>
        <CSI_GlossariesCrossPairsList id="14" IsList="True">
          <CSI_GlossariesCrossPairs id="2">
            <CSI_GlossURI id="2" Type="Str"/>
            <CSI_CrossURI id="6" Type="Str"/>
          </CSI_GlossariesCrossPairs>
        </CSI_GlossariesCrossPairsList>
      </CSI_TermIndexing>
      <CSI_GlossaryFilesManagement id="6">
        <CSI_FileListPersistency id="4" Type="Str"/>
        <CSI_SharedGlossFolder id="6" Type="Bool"/>
        <CSI_GlossaryInstallationTempFolder id="8" Type="Str"/>
        <CSI_SaveNamesXMLFilePath id="10" Type="Str"/>
        <CSI_FileNetworkConfigurationFilePath id="12" Type="Str"/>
        <CSI_RemoteGlossariesFolder id="14" Type="Str"/>
      </CSI_GlossaryFilesManagement>
      <CSI_CacheConfiguration id="8">
        <CSI_MaxCacheSize id="6" Type="Int"/>
        <CSI_InitialCacheSizePerGlossary id="8" Type="Int"/>
        <CSI_CachePriorityForBDCRecordList id="14" IsList="True">
          <CSI_CachePriorityForBDCRecord id="2">
            <CSI_Priority Type="Str" Self="True"/>
          </CSI_CachePriorityForBDCRecord>
        </CSI_CachePriorityForBDCRecordList>
      </CSI_CacheConfiguration>
      <CSI_Corrections id="10">
        <CSI_MetaphoneDataFilePath id="2" Type="Str"/>
        <CSI_MinGlossaryTerms id="4" Type="Int"/>
      </CSI_Corrections>
      <CSI_MessageLog id="12">
        <CSI_GlossaryFilesLogLevel id="4" Type="Str"/>
        <CSI_CacheLogLevel id="6" Type="Str"/>
        <CSI_ServerLogLevel id="8" Type="Str"/>
        <CSI_CorrectionsLogLevel id="10" Type="Str"/>
        <CSI_UsersControlLogLevel id="12" Type="Str"/>
        <CSI_GeneralLogLevel id="14" Type="Str"/>
      </CSI_MessageLog>
      <CSI_EmbeddedFiles id="14">
        <CSI_TemporaryFilesDispatchDirectory id="2" Type="Str"/>
        <CSI_TemporaryFilesURLPrefix id="4" Type="Str"/>
        <CSI_PermanentFilesDispatchDirectory id="6" Type="Str"/>
        <CSI_PermanentFilesURLPrefix id="8" Type="Str"/>
      </CSI_EmbeddedFiles>
      <CSI_InitialVersion id="16" Type="Str"/>
      <CSI_TemporaryFilesFolder id="18" Type="Str"/>
      <CSI_ServerName id="20" Type="Str"/>
      <CSI_MaintenanceCycleMinutes id="22" Type="Int"/>
      <CSI_WebServices id="24">
        <CSI_XSLTemplates id="2">
          <CSI_XSLTemplatesDirectory id="2" Type="Str"/>
          <CSI_XSLTemplatesURLPrefix id="4" Type="Str"/>
        </CSI_XSLTemplates>
        <CSI_FileServer id="4">
          <CSI_MimeTypesFileName id="2" Type="Str"/>
        </CSI_FileServer>
        <CSI_LiteClientResultLimits id="6">
          <CSI_MaxLiteClientResults id="2" Type="Int"/>
          <CSI_MaxLiteClientResultsForLanguage id="4" Type="Int"/>
        </CSI_LiteClientResultLimits>
        <CSI_SearchEnginePatches id="8">
          <CSI_BetterDictionaryNamesFilePath id="2" Type="Str"/>
        </CSI_SearchEnginePatches>
      </CSI_WebServices>
      <CSI_DocumentTranslationServices id="26">
        <CSI_XMLServiceDescriptionFile id="2" Type="Str"/>
        <CSI_WebTranslationProviderList id="4" IsList="True">
          <CSI_WebTranslationProvider id="2">
            <CSI_DocTransWebServerAddress id="2" Type="Str"/>
            <CSI_DocTransWebServerObject id="4" Type="Str"/>
            <CSI_DocTransWebServerUser id="6" Type="Str"/>
            <CSI_DocTransProviderName id="8" Type="Str"/>
            <CSI_DocTransRequestTimeoutSecs id="10" Type="Int"/>
            <CSI_DocTransWebServicePortNumber id="12" Type="Int"/>
            <CSI_DocTransResultAdditionFileName id="14" Type="Str"/>
            <CSI_ProviderLanguagePairList id="16" IsList="True">
              <CSI_ProviderLanguagePair id="2">
                <CSI_LanguageName id="2" Type="Str"/>
                <CSI_LanguagePair id="4" Type="Str"/>
                <CSI_LanguagePairID id="6" Type="Str"/>
                <CSI_LangPairURL id="8" Type="Bool"/>
              </CSI_ProviderLanguagePair>
            </CSI_ProviderLanguagePairList>
            <CSI_ProviderBannedTime id="18" Type="Double"/>
            <CSI_TranslationQuality id="20" Type="Int"/>
            <CSI_FirstTranslationOnly id="22" Type="Bool"/>
            <CSI_MaxPhraseLength id="24" Type="Int"/>
            <CSI_MaxWords id="26" Type="Int"/>
            <CSI_DocTransWebServerSecured id="28" Type="Bool"/>
            <CSI_DocTransWebServerKey id="30" Type="Str"/>
            <CSI_DocTransWebServerURLObject id="32" Type="Str"/>            
          </CSI_WebTranslationProvider>
        </CSI_WebTranslationProviderList>
        <CSI_TranslationServiceVersion id="8" Type="Int"/>
        <CSI_MaxUserTranslations id="10" Type="Int"/>
        <CSI_MaxUserTranslationsMonthly id="12" Type="Int"/>
        <CSI_MaxParallelProviderWebAccesses id="14" Type="Int"/>
        <CSI_MaxDocTransSourceLength id="16" Type="Int"/>
        <CSI_TextTranslationLanguageList id="18" IsList="True">
          <CSI_TextTranslationLanguage id="2">
            <CSI_LanguageName Type="Str" Self="True"/>
          </CSI_TextTranslationLanguage>
        </CSI_TextTranslationLanguageList>
        <CSI_WebTransPairException id="20">
          <CSI_ProviderLanguagePairList id="16" IsList="True">
            <CSI_ProviderLanguagePair id="2">
              <CSI_LanguageName id="2" Type="Str"/>
              <CSI_LanguagePair id="4" Type="Str"/>
            </CSI_ProviderLanguagePair>
          </CSI_ProviderLanguagePairList>
        </CSI_WebTransPairException>
        <CSI_WebTransPairCompoundList id="22" IsList="True">
          <CSI_WebTransPairCompound id="2">
            <CSI_LanguageName id="2" Type="Str"/>
            <CSI_LanguagePair id="4" Type="Str"/>
            <CSI_LanguageCompound id="6" Type="Str"/>
          </CSI_WebTransPairCompound>
        </CSI_WebTransPairCompoundList>
        <CSI_DocTransInjectBodyStartFilePath id="24" Type="Str"/>
        <CSI_DocTransInjectBodyEndFilePath id="26" Type="Str"/>
      </CSI_DocumentTranslationServices>
      <CSI_ParallelService id="28">
        <CSI_NumberOfRequestThreads id="2" Type="Int"/>
        <CSI_MaxRequestMonitors id="4" Type="Int"/>
      </CSI_ParallelService>
      <CSI_CSINamesXMLFilePath id="30" Type="Str"/>
      <CSI_UserServerConfig id="32">
        <CSI_BabyNamesXMLFilePath id="2" Type="Str"/>
        <CSI_UserServerDatFilesPath id="4" Type="Str"/>
        <CSI_CurrencyUpdateService id="8">
          <CSI_CurrencyRatesFilePath id="2" Type="Str"/>
          <CSI_CurrencyRatesURLTemplate id="4" Type="Str"/>
        </CSI_CurrencyUpdateService>
        <CSI_ConversionsUpdateService id="10">
          <CSI_ConversionsURL id="4" Type="Str"/>
          <CSI_ConversionsFilePath id="6" Type="Str"/>
        </CSI_ConversionsUpdateService>
        <CSI_DatabaseConnection id="12">
          <CSI_DatabaseConnectionEnable id="2" Type="Str"/>
          <CSI_DatabaseAccessParametersList id="4" IsList="True">
            <CSI_DatabaseAccessParameters id="2">
              <CSI_DBApplicationServerNameList id="2" IsList="True">
                <CSI_DBApplicationServerName id="2">
                  <CSI_DBAppServerName Type="Str" Key="True" Self="True"/>
                </CSI_DBApplicationServerName>
              </CSI_DBApplicationServerNameList>
              <CSI_DatabaseUsageType id="4" Type="Str"/>
              <CSI_DatabaseType id="6" Type="Str"/>
              <CSI_DatabaseUserName id="8" Type="Str"/>
              <CSI_DatabaseUserPassword id="10" Type="Str"/>
              <CSI_DBConnectionString id="12" Type="Str"/>
              <CSI_DBUsageEnable id="14" Type="Str"/>
            </CSI_DatabaseAccessParameters>
          </CSI_DatabaseAccessParametersList>
          <CSI_MaxBusinessPercentageForDBUsage id="6" Type="Int"/>
        </CSI_DatabaseConnection>
        <CSI_RefreshCycleMinutes id="14" Type="Int"/>
        <CSI_ServerLicenseControl id="16">
          <CSI_EnableKillScript id="2" Type="Str"/>
          <CSI_EnableDisplayScript id="4" Type="Str"/>
          <CSI_EnableLicenseCheck id="6" Type="Str"/>
          <CSI_BottomLogoServiceVersion id="8" Type="Int"/>
          <CSI_EnableSoftwarePatchRemoval id="10" Type="Str"/>
          <CSI_EnableLicenseAbuseAction id="12" Type="Str"/>
          <CSI_EnableLicenseBlackListAction id="14" Type="Str"/>
        </CSI_ServerLicenseControl>
        <CSI_GlossariesUpdateService id="18">
          <CSI_GlossariesUpdateServerParamsList id="2" IsList="True">
            <CSI_GlossariesUpdateServerParams id="2">
              <CSI_DownloadGlossaryDirectoryTemplate id="2" Type="Str"/>
              <CSI_DirectGlossaryDownloadURLTemplate id="4" Type="Str"/>
              <CSI_CacheGlossaryDownloadURLTemplate id="6" Type="Str"/>
              <CSI_GlossaryDownloadApplicationServer id="8" Type="Str"/>
              <CSI_GlossaryDownloadServerBaseURL id="10" Type="Str"/>
            </CSI_GlossariesUpdateServerParams>
          </CSI_GlossariesUpdateServerParamsList>
          <CSI_EnableGeneralGlossariesUpdate id="4" Type="Str"/>
          <CSI_MarketingGlossaryList id="6" IsList="True">
            <CSI_MarketingGlossary id="2">
              <CSI_GlossURI id="2" Type="Str"/>
            </CSI_MarketingGlossary>
          </CSI_MarketingGlossaryList>
        </CSI_GlossariesUpdateService>
        <CSI_EnableClientUpdateHandling id="20" Type="Str"/>
        <CSI_UpdateScriptEngine id="22" Type="Str"/>
        <CSI_ForceUpgradeStat id="24" Type="Int"/>
        <CSI_EndTrialSearchStat id="26" Type="Int"/>
        <CSI_GeoIPCountryDBPath id="28" Type="Str"/>
      </CSI_UserServerConfig>
      <CSI_ServerProtection id="34">
        <CSI_RequestIdentificationArraySize id="2" Type="Int"/>
        <CSI_MaxIdenticalClientMessageNumbers id="4" Type="Int"/>
        <CSI_MaxIdenticalClients id="6" Type="Int"/>
      </CSI_ServerProtection>
      <CSI_TextLanguageDetection id="35">
        <CSI_CommonWordsForLanguagesFilePath id="2" Type="Str"/>
      </CSI_TextLanguageDetection>
      <CSI_AutoGlossGroup id="36" Type="Str"/>
      <CSI_BabylonGlossGroup id="37" Type="Str"/>
      <CSI_ServerCollectData id="38">
        <CSI_ServerCollectLimit id="2" Type="Int"/>
        <CSI_ServerCollectFileName id="4" Type="Str"/>
      </CSI_ServerCollectData>
      <CSI_TextTranslationAllowedItemList id="40" IsList="True">
        <CSI_TextTranslationAllowedItem id="2">
          <CSI_IPAddress id="2" Type="Str"/>
          <CSI_Code id="4" Type="Str"/>
        </CSI_TextTranslationAllowedItem>
      </CSI_TextTranslationAllowedItemList>
      <CSI_GlossLocalizationFile id="42" Type="Str"/>
      <CSI_FreeOnlineAllowedLanguagesList id="44" IsList="True">
        <CSI_FreeOnlineAllowedLanguages id="2">
          <CSI_AllowedCountry id="2" Type="Str"/>
          <CSI_AllowedTargetLanguageList id="6" IsList="True">
            <CSI_AllowedTargetLanguage id="2">
              <CSI_LanguageName id="2" Type="Str"/>
            </CSI_AllowedTargetLanguage>
          </CSI_AllowedTargetLanguageList>
        </CSI_FreeOnlineAllowedLanguages>
      </CSI_FreeOnlineAllowedLanguagesList>
      <CSI_CampaignGlossary id="46">
        <CSI_GlossaryURI id="2" Type="Str"/>
        <CSI_CampaignList id="4" IsList="True">
          <CSI_Campaign id="2">
            <CSI_CampaignTerm id="2" Type="Str"/>
            <CSI_DisplayOtherResults id="4" Type="Bool"/>
            <CSI_MinClientVersion id="6" Type="Int"/>
            <CSI_MaxClientVersion id="8" Type="Int"/>
            <CSI_ClientType id="10" Type="Int"/>
          </CSI_Campaign>
        </CSI_CampaignList>
      </CSI_CampaignGlossary>
    </CSI_ContentServerConfig>
    <!--  End of CS Config Dom  -->

    <CSI_GlossLocalization id="20" Class="CSLocalize">
      <CSI_GlossLocalizedList id="2" IsList="True">
        <CSI_GlossLocalized id="2">
          <CSI_GlossURI id="2" Type="Str"/>
          <CSI_LocalizedValueList id="4" IsList="True">
            <CSI_LocalizedValue id="2">
              <CSI_Value id="2" Type="Str"/>
              <CSI_Localization id="4" Type="Str"/>
            </CSI_LocalizedValue>
          </CSI_LocalizedValueList>
        </CSI_GlossLocalized>
      </CSI_GlossLocalizedList>
    </CSI_GlossLocalization>
    <!--  End of CS Localization Dom  -->

    <BES_ProgressData id="100">
      <BES_ProgressGlossTitle id="2" Type="Str"/>
      <BES_ProgressRange id="4" Type="Int"/>
      <BES_ProgressPos id="6" Type="Int"/>
    </BES_ProgressData>

    <BES_LogMsgData id="120">
      <BES_MsgID id="2" Type="Int"/>
      <BES_MsgSeverity id="4" Type="Int"/>
      <BES_MsgText id="6" Type="Str"/>
    </BES_LogMsgData>
    
  </DOM_ROOT>
</ROOT>



