#<DOM_ServerMessage>
  <CSI_SessionID>
    6
  </CSI_SessionID>
  <CSI_MessageNumber>
    4
  </CSI_MessageNumber>
  <CSI_ReplyGroup>
    <CSI_GlossReplyList>
      <CSI_GlossReply>
        <CSI_ResultReply>
          <CSI_BrowseContextFirst>
            6243809
          </CSI_BrowseContextFirst>
          <CSI_CrossRequest>
            0
          </CSI_CrossRequest>
          <CSI_CrossTranslation>
            0
          </CSI_CrossTranslation>
          <CSI_ResultText>
            "%3C?xml version='1.0' encoding='UTF-8'?%3E%0A%3Cbab:Glossary xmlns:bab='urn:schemas-babylon-com:bab' bab:URI='!!M534MSC3GP'%3E%0A%3Cbab:Terms%3E%0A%0A  %3Cbab:Term bab:TermText='dog' bab:PhoneticTranscription='dɒg' %3E%0A   %3Cbab:Definition bab:Conj='193' bab:Frequency='9' bab:POS='n.' %3E%0A    %3Cbab:Meaning%3E%0A     chien%0A    %3C/bab:Meaning%3E%0A   %3C/bab:Definition%3E%0A   %3Cbab:Definition bab:Conj='354@g' bab:Frequency='4' bab:POS='v.' %3E%0A    %3Cbab:Meaning%3E%0A     suivre comme un chien; suivre à la trace%0A    %3C/bab:Meaning%3E%0A   %3C/bab:Definition%3E%0A  %3C/bab:Term%3E%0A   %3C/bab:Terms%3E%0A%0A%3C/bab:Glossary%3E%0A"
          </CSI_ResultText>
          <CSI_OptCanID>
            -1
          </CSI_OptCanID>
          <CSI_SelectTo>
            2
          </CSI_SelectTo>
          <CSI_SelectFrom>
            0
          </CSI_SelectFrom>
          <CSI_DegradePercentile>
            94
          </CSI_DegradePercentile>
          <CSI_Score>
            100
          </CSI_Score>
        </CSI_ResultReply>
        <CSI_Relevancy>
          0
        </CSI_Relevancy>
        <CSI_Headers>
          "%3Cbab:Headers xmlns:bab='urn:schemas-babylon-com:bab'%3E%0A %3Cbab:Title%3EBabylon English-French%3C/bab:Title%3E%0A %3Cbab:Author%3EBabylon Ltd.%3C/bab:Author%3E%0A %3Cbab:GeneralFlags%3E00000002%3C/bab:GeneralFlags%3E%0A %3Cbab:SourceLanguage%3E0%3C/bab:SourceLanguage%3E%0A %3Cbab:TargetLanguage%3E1%3C/bab:TargetLanguage%3E%0A %3Cbab:Description%3EThis comprehensive English-French dictionary contains words, phrases, abbreviations %26amp; acronyms. It includes terms from a vast variety of subjects, such as Medicine, Electronics, Zoology, Business, Computers, Religion, etc., and features both the American and British forms of spelling. %3C/bab:Description%3E%0A %3Cbab:BrowseEnabled%3E1%3C/bab:BrowseEnabled%3E%0A %3Cbab:GlossaryIcon%3EPermanentFiles/icons/M534MSC3GP_glossary_icon.ico%3C/bab:GlossaryIcon%3E%0A %3Cbab:NumberOfEntries%3E162025%3C/bab:NumberOfEntries%3E%0A %3Cbab:VersionId%3E1%3C/bab:VersionId%3E%0A %3Cbab:GlossaryType%3E16896%3C/bab:GlossaryType%3E%0A %3Cbab:VersionType%3E1%3C/bab:VersionType%3E%0A %3Cbab:CreationDate%3E15993733%3C/bab:CreationDate%3E%0A %3Cbab:BuilderVersion%3E00000000%3C/bab:BuilderVersion%3E%0A %3Cbab:SourceCharset%3E66%3C/bab:SourceCharset%3E%0A %3Cbab:TargetCharset%3E66%3C/bab:TargetCharset%3E%0A %3Cbab:CaseSensitive%3E0%3C/bab:CaseSensitive%3E%0A %3Cbab:BuilderId%3E00000000%3C/bab:BuilderId%3E%0A %3Cbab:MinClientVersion%3E3.2.38%3C/bab:MinClientVersion%3E%0A %3Cbab:PosTable%3Estyle=1|48,n.|49,adj.|50,v.|51,adv.|52,interj.|53,pron.|54,prép.|55,conj.|56,suff.|57,pref.|58,art.|59,abbr.|60,init.|69,expr.| %3C/bab:PosTable%3E%0A %3Cbab:PrivateLabelId%3E0,1,2 %3C/bab:PrivateLabelId%3E%0A %3Cbab:PremiumContentId%3E0%3C/bab:PremiumContentId%3E%0A %3Cbab:PremiumContentAcquisitionHtml%3E%3C/bab:PremiumContentAcquisitionHtml%3E%0A %3Cbab:PremiumContentRenewalHtml%3E%3C/bab:PremiumContentRenewalHtml%3E%0A %3Cbab:PremiumContentPurchaseUrl%3E%3C/bab:PremiumContentPurchaseUrl%3E%0A %3Cbab:PremiumContentGroupName%3E%3C/bab:PremiumContentGroupName%3E%0A %3Cbab:PremiumContentGlossaryTitle%3E%3C/bab:PremiumContentGlossaryTitle%3E%0A %3Cbab:PremiumContentAuthor%3E%3C/bab:PremiumContentAuthor%3E%0A %3Cbab:UpdateDate%3E23354867%3C/bab:UpdateDate%3E%0A %3Cbab:TrialPeriod%3E0%3C/bab:TrialPeriod%3E%0A %3Cbab:SingleTrialPeriod%3E0%3C/bab:SingleTrialPeriod%3E%0A %3Cbab:ConjugationTitles%3EV-0#Verbe|V-0.0#|V-0.1#Infinitif|V-0.1.1#|V-1.0#|V-1.1#|V-1.1.1#Présent de l%26apos;Indicatif|V-1.1.2#Présent de l%26apos;Indicatif (3ème p.sing.)|V-2.0#|V-2.1#|V-2.1.1#Passé Simple|V-3.0#|V-3.1#|V-3.1.1#Participe présent|V-4.0#|V-4.1#|V-4.1.1#Participe passé|V-5.0#|V-5.1#|V-5.1.1#Futur|V2-0#|V2-0.0#|V2-0.1#Infinitif|V2-0.1.1#|V2-1.0#|V2-1.1#|V2-1.1.1#Présent de l%26apos;Indicatif (1ère p.sing.)|V2-1.1.2#Présent de l%26apos;Indicatif (2ème p.sing. %26amp; formes du pluriel)|V2-1.1.3#Présent de l%26apos;Indicatif (3ème pers.)|V2-2.0#|V2-2.1#|V2-2.1.1#Passé Simple (1ère %26amp; 3ème p.sing.)|V2-2.1.2#Passé Simple (2ème p.sing. %26amp; formes du pluriel)|V2-3.0#|V2-3.1#|V2-3.1.1#Participe présent|V2-4.0#|V2-4.1#|V2-4.1.1#Participe passé|V2-5.0#|V2-5.1#|V2-5.1.1#Futur||N-0#Substantif|N-1.0#|N-1.1#|N-1.1.1#Singulier|N-2.0#|N-2.1#|N-2.1.1#Pluriel|N4-1.0#|N4-1.1#|N4-1.1.1#Masculin singulier|N4-1.1.2#Féminin singulier|N4-2.0#|N4-2.1#|N4-2.1.1#Masculin pluriel|N4-2.1.2#Féminin pluriel||ADJ-0#Adjectif|ADJ-1.0#|ADJ-1.1#|ADJ-1.1.1#Adjectif|ADJ-1.1.2#Forme comparative|ADJ-1.1.3#Forme superlative||%3C/bab:ConjugationTitles%3E%0A %3Cbab:TypeForLicensing%3E2%3C/bab:TypeForLicensing%3E%0A %3Cbab:PublicKey%3ERGMGDC93JEHZFC0U3HU00428SCWF3JBBAPWK92E5UFQA6YT9TVPA%3C/bab:PublicKey%3E%0A%3C/bab:Headers%3E"
        </CSI_Headers>
        <CSI_GlossURI>
          "!!M534MSC3GP"
          <IT_UTF8>
            1
          </IT_UTF8>
        </CSI_GlossURI>
      </CSI_GlossReply>
    </CSI_GlossReplyList>
    <CSI_ServerInfo>
      <CSI_ServerVersion>
        "8.0.1.0"
      </CSI_ServerVersion>
      <CSI_ServerURL type="buf">
        00 
        <IT_UTF8>
          1
        </IT_UTF8>
      </CSI_ServerURL>
      <CSI_ServerID type="buf">
        00 
        <IT_UTF8>
          1
        </IT_UTF8>
      </CSI_ServerID>
    </CSI_ServerInfo>
  </CSI_ReplyGroup>
  <CSI_UseAutoGlossReplies>
    1
  </CSI_UseAutoGlossReplies>
  <CSI_UnAuthenticatedPercom>
    1
  </CSI_UnAuthenticatedPercom>
  <CSI_ChunkEnabled>
    1
  </CSI_ChunkEnabled>
  <CSI_InterfaceVersion>
    "1.0.3.0"
    <IT_UTF8>
      1
    </IT_UTF8>
  </CSI_InterfaceVersion>
</DOM_ServerMessage>
#
